{
  "villagerMaps" : {
    "minecraft:cartographer": [
      {
        "tradeLevel": 1,
        "structure": "idas:winter_wagon",
        "mapName": "Winter Wagon Map",
        "mapIcon": "BANNER_GREEN",
        "emeraldsRequired": 15,
        "tradesAllowed": 2,
        "xpReward": 10,
        "spawnRegionSearchRadius": 100
      },
      {
        "tradeLevel": 1,
        "structure": "idas:haunted_manor",
        "mapName": "Haunted Manor Map",
        "mapIcon": "BANNER_BLACK",
        "emeraldsRequired": 15,
        "tradesAllowed": 2,
        "xpReward": 10,
        "spawnRegionSearchRadius": 100
      },
      {
        "tradeLevel": 1,
        "structure": "idas:castle",
        "mapName": "Castle Map",
        "mapIcon": "BANNER_CYAN",
        "emeraldsRequired": 15,
        "tradesAllowed": 2,
        "xpReward": 10,
        "spawnRegionSearchRadius": 100
      },
      {
        "tradeLevel": 1,
        "structure": "idas:sunken_ship/sunken_ship",
        "mapName": "Sunken Ship Map",
        "mapIcon": "BANNER_GRAY",
        "emeraldsRequired": 15,
        "tradesAllowed": 2,
        "xpReward": 10,
        "spawnRegionSearchRadius": 100
      },
      {
        "tradeLevel": 2,
        "structure" : "idas:labyrinth",
        "mapName": "Desert Labyrinth Map",
        "mapIcon": "BANNER_YELLOW",
        "emeraldsRequired": 20,
        "tradesAllowed": 2,
        "xpReward": 10,
        "spawnRegionSearchRadius": 125
      },
      {
        "tradeLevel": 2,
        "structure": "idas:pillager_fortress",
        "mapName": "Pillager Fortress Map",
        "mapIcon": "MANSION",
        "emeraldsRequired": 20,
        "tradesAllowed": 2,
        "xpReward": 10,
        "spawnRegionSearchRadius": 125
      },
      {
        "tradeLevel": 2,
        "structure": "idas:ancient_mines",
        "mapName": "Ancient Mines Map",
        "mapIcon": "BANNER_RED",
        "emeraldsRequired": 20,
        "tradesAllowed": 2,
        "xpReward": 10,
        "spawnRegionSearchRadius": 125
      },
      {
        "tradeLevel": 2,
        "structure": "idas:tinkers_workshop",
        "mapName": "Tinker's Workshop Map",
        "mapIcon": "BANNER_CYAN",
        "emeraldsRequired": 20,
        "tradesAllowed": 2,
        "xpReward": 10,
        "spawnRegionSearchRadius": 125
      }
    ]
  },
  "wanderingTraderMap" : {
    "rare": [],
    "common": [
      {
        "structure": "idas:castle",
        "mapName": "Castle Map",
        "mapIcon": "BANNER_CYAN",
        "emeraldsRequired": 15,
        "tradesAllowed": 2,
        "xpReward": 100,
        "spawnRegionSearchRadius": 100
      },
      {
        "structure": "idas:treetop_tavern",
        "mapName": "Treetop Tavern Map",
        "mapIcon": "BANNER_ORANGE",
        "emeraldsRequired": 15,
        "tradesAllowed": 2,
        "xpReward": 100,
        "spawnRegionSearchRadius": 100
      },
      {
        "structure": "idas:bearclaw_inn",
        "mapName": "Bearclaw Inn Map",
        "mapIcon": "BANNER_BROWN",
        "emeraldsRequired": 15,
        "tradesAllowed": 2,
        "xpReward": 100,
        "spawnRegionSearchRadius": 50
      },
      {
        "structure": "idas:bazaar",
        "mapName": "Bazaar Map",
        "mapIcon": "BANNER_YELLOW",
        "emeraldsRequired": 15,
        "tradesAllowed": 2,
        "xpReward": 100,
        "spawnRegionSearchRadius": 100
      },
      {
        "structure" : "idas:labyrinth",
        "mapName": "Desert Labyrinth Map",
        "mapIcon": "BANNER_YELLOW",
        "emeraldsRequired": 20,
        "tradesAllowed": 2,
        "xpReward": 10,
        "spawnRegionSearchRadius": 125
      },
      {
        "structure": "idas:pillager_fortress",
        "mapName": "Pillager Fortress Map",
        "mapIcon": "MANSION",
        "emeraldsRequired": 20,
        "tradesAllowed": 2,
        "xpReward": 10,
        "spawnRegionSearchRadius": 125
      },
      {
        "structure": "idas:ancient_mines",
        "mapName": "Ancient Mines Map",
        "mapIcon": "BANNER_RED",
        "emeraldsRequired": 20,
        "tradesAllowed": 2,
        "xpReward": 10,
        "spawnRegionSearchRadius": 125
      },
      {
        "structure": "idas:tinkers_workshop",
        "mapName": "Tinker's Workshop Map",
        "mapIcon": "BANNER_CYAN",
        "emeraldsRequired": 20,
        "tradesAllowed": 2,
        "xpReward": 10,
        "spawnRegionSearchRadius": 125
      },
      {
        "structure": "idas:nexus",
        "mapName": "Nexus Map",
        "mapIcon": "BANNER_PURPLE",
        "emeraldsRequired": 20,
        "tradesAllowed": 2,
        "xpReward": 10,
        "spawnRegionSearchRadius": 125
      }
    ]
  }
}