{
  "type": "minecraft:chest",
  "pools": [
       {
      "rolls": {
        "type": "minecraft:uniform",
        "min": 1,
        "max": 3
      },
      "bonus_rolls": 0,
      "entries": [
        {
          "type": "minecraft:empty",
          "weight": 5
        },
        {
          "type": "minecraft:item",
          "weight": 1,
          "name": "minecraft:written_book",
          "functions": [
            {
              "function":"set_nbt",
        "tag":"{
          pages:[
              \"[
                \\\"\\\",
                {\\\"text\\\":\\\"Seize one ghast tear, a spider's eye,\n\\\"},
                {\\\"text\\\":\\\"Add a second fermented, lest you die.\n\\\"},
                {\\\"text\\\":\\\"Brew it with glowstone dust, bright as the moon,\n\\\"},
                {\\\"text\\\":\\\"And a golden carrot, harvested soon.\n\\\"}
              ]\",
              \"[
                {\\\"text\\\":\\\"Add dragon's breath, but do not breath in,\n\\\"},
                {\\\"text\\\":\\\"It is not for the weak, nor the foolhardy kin.\n\\\"},
                {\\\"text\\\":\\\"A potion of strength, to give you might,\n\\\"},
                {\\\"text\\\":\\\"And a potion of swiftness, for quickened flight.\n\\\"}
              ]\",
              \"[
                {\\\"text\\\":\\\"Stir it well, with a blaze rod's vigor,\n\\\"},
                {\\\"text\\\":\\\"An effect you desire, drink to trigger.\n\\\"},
                {\\\"text\\\":\\\"This brew is not for the faint of heart,\n\\\"},
                {\\\"text\\\":\\\"But for the sister who seeks true arcane art.\n\\\"}
              ]\"
            ],
            title:Journal,
            author:Unkown,
            display:{Lore:[\"Found in the Witch's Treestump\"]}
            }"},
            {
              "function": "minecraft:set_name",
              "name": "Art of the Brew",
              "add": false
            }
          ]
        }
      ]
    },
    {
      "rolls": 1,
      "entries": [
        {
          "type": "minecraft:item",
          "weight": 1,
          "name": "minecraft:splash_potion",
          "functions": [
            {
              "function": "minecraft:set_potion",
              "id": "minecraft:strong_poison"
            }
          ]
        },
        {
          "type": "minecraft:item",
          "weight": 1,
          "name": "minecraft:potion",
          "functions": [
            {
              "function": "minecraft:set_potion",
              "id": "minecraft:long_strength"
            }
          ]
        },
        {
          "type": "minecraft:item",
          "weight": 1,
          "name": "minecraft:potion",
          "functions": [
            {
              "function": "minecraft:set_potion",
              "id": "minecraft:strong_regeneration"
            }
          ]
        },
        {
          "type": "minecraft:item",
          "weight": 1,
          "name": "minecraft:splash_potion",
          "functions": [
            {
              "function": "minecraft:set_potion",
              "id": "minecraft:strong_harming"
            }
          ]
        },
        {
          "type": "minecraft:item",
          "weight": 1,
          "name": "minecraft:potion",
          "functions": [
            {
              "function": "minecraft:set_potion",
              "id": "minecraft:long_leaping"
            }
          ]
        },
        {
          "type": "minecraft:item",
          "weight": 1,
          "name": "minecraft:potion",
          "functions": [
            {
              "function": "minecraft:set_potion",
              "id": "minecraft:slow_falling"
            }
          ]
        },
        {
          "type": "minecraft:item",
          "weight": 1,
          "name": "minecraft:potion",
          "functions": [
            {
              "function": "minecraft:set_potion",
              "id": "minecraft:strong_healing"
            }
          ]
        },
        {
          "type": "minecraft:item",
          "weight": 1,
          "name": "minecraft:potion",
          "functions": [
            {
              "function": "minecraft:set_potion",
              "id": "minecraft:long_invisibility"
            }
          ]
        }
      ]
    },
    {
      "rolls": 1,
      "entries": [
        {
          "type": "minecraft:empty",
          "weight": 10
        },
        {
          "type": "minecraft:item",
          "weight": 5,
          "name": "quark:slime_in_a_bucket"
        },
        {
          "type": "minecraft:item",
          "weight": 5,
          "name": "quark:bottled_cloud"
        },
        {
          "type": "minecraft:item",
          "weight": 10,
          "name": "minecraft:name_tag"
        },
        {
          "type": "minecraft:item",
          "weight": 10,
          "name": "minecraft:diamond",
          "functions": [
            {
              "function": "minecraft:limit_count",
              "limit": {
                "min": 2,
                "max": 4
              }
            }
          ]
        }
      ]
    },
    {
      "rolls": 2,
      "entries": [
        {
          "type": "minecraft:item",
          "weight": 1,
          "name": "quark:gravisand",
          "functions": [
            {
              "function": "minecraft:limit_count",
              "limit": {
                "min": 1,
                "max": 5
              }
            }
          ]
        },
        {
          "type": "minecraft:item",
          "weight": 2,
          "name": "minecraft:emerald",
          "functions": [
            {
              "function": "minecraft:limit_count",
              "limit": {
                "min": 2,
                "max": 10
              }
            }
          ]
        },
        {
          "type": "minecraft:item",
          "weight": 2,
          "name": "minecraft:amethyst_shard",
          "functions": [
            {
              "function": "minecraft:limit_count",
              "limit": {
                "min": 1,
                "max": 5
              }
            }
          ]
        },
        {
          "type": "minecraft:item",
          "weight": 1,
          "name": "minecraft:golden_apple",
          "functions": [
            {
              "function": "minecraft:limit_count",
              "limit": {
                "min": 1,
                "max": 2
              }
            }
          ]
        },
        {
          "type": "minecraft:item",
          "weight": 2,
          "name": "minecraft:glistering_melon_slice",
          "functions": [
            {
              "function": "minecraft:limit_count",
              "limit": {
                "min": 2,
                "max": 3
              }
            }
          ]
        },
        {
          "type": "minecraft:item",
          "weight": 1,
          "name": "minecraft:golden_carrot",
          "functions": [
            {
              "function": "minecraft:limit_count",
              "limit": {
                "min": 2,
                "max": 3
              }
            }
          ]
        },
        {
          "type": "minecraft:item",
          "weight": 2,
          "name": "create:rose_quartz",
          "functions": [
            {
              "function": "minecraft:limit_count",
              "limit": {
                "min": 2,
                "max": 5
              }
            }
          ]
        },
        {
          "type": "minecraft:item",
          "weight": 1,
          "name": "create:powdered_obsidian",
          "functions": [
            {
              "function": "minecraft:limit_count",
              "limit": {
                "min": 2,
                "max": 3
              }
            }
          ]
        }
      ]
    },
    {
      "rolls": 4,
      "entries": [
        {
          "type": "minecraft:item",
          "weight": 1,
          "name": "minecraft:bone",
          "functions": [
            {
              "function": "minecraft:limit_count",
              "limit": {
                "min": 3,
                "max": 8
              }
            }
          ]
        },
        {
          "type": "minecraft:item",
          "weight": 1,
          "name": "minecraft:rotten_flesh",
          "functions": [
            {
              "function": "minecraft:limit_count",
              "limit": {
                "min": 3,
                "max": 10
              }
            }
          ]
        },
        {
          "type": "minecraft:item",
          "weight": 1,
          "name": "minecraft:gunpowder",
          "functions": [
            {
              "function": "minecraft:limit_count",
              "limit": {
                "min": 3,
                "max": 6
              }
            }
          ]
        }, 
        {
          "type": "minecraft:item",
          "weight": 1,
          "name": "minecraft:apple",
          "functions": [
            {
              "function": "minecraft:limit_count",
              "limit": {
                "min": 2,
                "max": 4
              }
            }
          ]
        },
        {
          "type": "minecraft:item",
          "weight": 1,
          "name": "minecraft:glowstone_dust",
          "functions": [
            {
              "function": "minecraft:limit_count",
              "limit": {
                "min": 3,
                "max": 6
              }
            }
          ]
        },
        {
          "type": "minecraft:item",
          "weight": 1,
          "name": "minecraft:redstone",
          "functions": [
            {
              "function": "minecraft:limit_count",
              "limit": {
                "min": 3,
                "max": 6
              }
            }
          ]
        },
        {
          "type": "minecraft:item",
          "weight": 1,
          "name": "minecraft:brown_mushroom",
          "functions": [
            {
              "function": "minecraft:limit_count",
              "limit": {
                "min": 3,
                "max": 6
              }
            }
          ]
        },
        {
          "type": "minecraft:item",
          "weight": 1,
          "name": "minecraft:red_mushroom",
          "functions": [
            {
              "function": "minecraft:limit_count",
              "limit": {
                "min": 3,
                "max": 6
              }
            }
          ]
        },
        {
          "type": "minecraft:item",
          "weight": 1,
          "name": "minecraft:warped_fungus",
          "functions": [
            {
              "function": "minecraft:limit_count",
              "limit": {
                "min": 3,
                "max": 6
              }
            }
          ]
        },
        {
          "type": "minecraft:item",
          "weight": 1,
          "name": "minecraft:crimson_fungus",
          "functions": [
            {
              "function": "minecraft:limit_count",
              "limit": {
                "min": 3,
                "max": 6
              }
            }
          ]
        },
        {
          "type": "minecraft:item",
          "weight": 1,
          "name": "minecraft:string",
          "functions": [
            {
              "function": "minecraft:limit_count",
              "limit": {
                "min": 3,
                "max": 8
              }
            }
          ]
        },
        {
          "type": "minecraft:item",
          "weight": 1,
          "name": "minecraft:nether_wart",
          "functions": [
            {
              "function": "minecraft:limit_count",
              "limit": {
                "min": 3,
                "max": 8
              }
            }
          ]
        },
        {
          "type": "minecraft:item",
          "weight": 1,
          "name": "quark:dirty_shard",
          "functions": [
            {
              "function": "minecraft:limit_count",
              "limit": {
                "min": 3,
                "max": 8
              }
            }
          ]
        },
        {
          "type": "minecraft:item",
          "weight": 1,
          "name": "create:experience_nugget",
          "functions": [
            {
              "function": "minecraft:limit_count",
              "limit": {
                "min": 3,
                "max": 8
              }
            }
          ]
        },
        {
          "type": "minecraft:item",
          "weight": 1,
          "name": "create:raw_zinc",
          "functions": [
            {
              "function": "minecraft:limit_count",
              "limit": {
                "min": 3,
                "max": 8
              }
            }
          ]
        }
      ]
    }
  ]
}
