{
  "type": "integrated_api:generic_structure",
  "start_pool": "idas:haunted_manor/haunted_manor1",
  "size": 4,
  "terrain_height_radius_check": 3,
  "allowed_terrain_height_range": 10,
  "biomes": "#idas:has_structure/hauntedhouse_biomes",
  "step": "surface_structures",
  "terrain_adaptation": "beard_thin",
  "project_start_to_heightmap": "WORLD_SURFACE_WG",
  "start_height": {
    "absolute": 0
  },
  "spawn_overrides": {
    "monster": {
      "bounding_box": "full",
      "spawns": [
        {
          "type": "quark:wraith",
          "weight": 3,
          "minCount": 3,
          "maxCount": 4
        }
      ]
    }
  }
}